<?xml version="1.0" encoding="utf-8"?>
<extension type="module" version="3.3" method="upgrade" client="site">
	<name>mod_xbculture_recent</name>
	<author>Roger Creagh-Osborne</author>
	<creationDate>30th November 2022</creationDate>
	<copyright>Copyright (C) 2021 Roger Creagh-Osborne. All rights reserved.</copyright>
	<license>http://www.gnu.org/licenses/gpl-3.0.html GNU/GPL</license>
	<authorEmail>roger@crosborne.co.uk</authorEmail>
	<authorUrl>www.crosborne.co.uk</authorUrl>
	<version>0.2.0.1</version>
	<description>MOD_XBCULTURE_RECENT_XML_DESCRIPTION</description>
	<files>
		<filename>mod_xbculture_recent.xml</filename>
		<filename module="mod_xbculture_recent">mod_xbculture_recent.php</filename>
		<filename>index.html</filename>
		<filename>helper.php</filename>
		<folder>tmpl</folder>
	</files>
	<languages folder="language">
		<language tag="en-GB">en-GB/en-GB.mod_xbculture_recent.ini</language>
		<language tag="en-GB">en-GB/en-GB.mod_xbculture_recent.sys.ini</language>
	</languages>
	<!-- 
	<media destination="mod_xbculture_recent" folder="media">
        <filename>index.html</filename>
        <folder>css</folder>
    </media>
	 -->
    <config>
        <fields name="params">
        	<fieldset name="basic">
	 			<field name="itemcnt" type="number" default="3" 
	 				label="MOD_XBCULTURE_RECENT_ITEMCNT_LABEL" description="MOD_XBCULTURE_RECENT_ITEMCNT_DESC" 
	 				min="1" max="10" size="2" />
				<field name="pretext" type="textarea" default="" 
					label="MOD_XBCULTURE_RECENT_PRETEXT_LABEL" description="MOD_XBCULTURE_RECENT_PRETEXT_DESC" 
					rows="5" cols="35" />
				<field name="usebooks" type="radio" 
					default="0" 
					label="MOD_XBCULTURE_RECENT_USEBOOKS_LABEL" description="MOD_XBCULTURE_RECENT_USEBOOKS_DESC" 
					class="btn-group btn-group-yesno" >
					<option value="0">JNO</option>
					<option value="1">JYES</option>
				</field>
				<field name="usefilms" type="radio" 
					label="MOD_XBCULTURE_RECENT_USEFILMS_LABEL" description="MOD_XBCULTURE_RECENT_USEFILMS_DESC" 
					default="0" 
					class="btn-group btn-group-yesno" >					
					<option value="0">JNO</option>
					<option value="1">JYES</option>
				</field>
				<field name="reviewed" type="radio" 
					label="MOD_XBCULTURE_RECENT_REVIEWED_LABEL" description="MOD_XBCULTURE_RECENT_REVIEWED_DESC" 
					default="0" 
					class="btn-group" >
					<option value="0">MOD_XBCULTURE_RECENT_ALL_ITEMS</option>
					<option value="1">MOD_XBCULTURE_RECENT_RATED_ITEMS</option>
				</field>			
				<field name="posttext" type="textarea" 				
					label="MOD_XBCULTURE_RECENT_POSTTEXT_LABEL" description="MOD_XBCULTURE_RECENT_POSTTEXT_DESC"  
					default="" rows="5" cols="35" />				    	
			</fieldset>
		</fields>
    </config>
    <updateservers>
		<server type="extension" priority="1" name="xbCulture_Recent Updates">
			https://www.crosborne.uk/jupdates/update_mod_xbculture_recent.xml
		</server>
	</updateservers>
</extension>
		
