<?xml version="1.0" encoding="utf-8"?>
<extension type="module" version="3.3" method="upgrade" client="site">
	<name>xbCulture-RandomImage</name>
	<author>Roger Creagh-Osborne</author>
	<version>0.2.0</version>
	<creationDate>28th October 2022</creationDate>
	<copyright>Copyright (C) 2021 Roger Creagh-Osborne. All rights reserved.</copyright>
	<license>http://www.gnu.org/licenses/gpl-3.0.html GNU/GPL</license>
	<authorEmail>roger@crosborne.co.uk</authorEmail>
	<authorUrl>www.crosborne.co.uk</authorUrl>
	<description>Show random poster or cover images</description>
	<files>
		<filename>mod_xbculture_randimg.xml</filename>
		<filename module="mod_xbculture_randimg">mod_xbculture_randimg.php</filename>
		<filename>index.html</filename>
		<filename>helper.php</filename>
		<folder>tmpl</folder>
	</files>
	<!-- 
	<media destination="mod_" folder="media">
        <filename>index.html</filename>
        <folder>css</folder>
    </media>
	 -->
    <config>
        <fields name="params">
       		<fieldset name="basic">
	 			<field name="bookcnt" type="number" default="3" 
	 				label="Books to include" description="How many book covers to show (if available)." 
	 				min="0" max="50" size="2" 
	 			/>
	 			<field name="filmcnt" type="number" default="3" 
	 				label="Films to include" description="How many film posters to show (if available)." 
	 				min="0" max="50" size="2" 
	 			/>
				<field name="pretext" type="textarea" default="" 
					label="Text before" description="Optional text to display above times" 
					rows="5" cols="35" 
				/>
				
	 			
	 			<field name="cols" type="number" default="3" 
	 				label="Images per row" description="How many images to show in each row in the module width" 
	 				min="1" max="12" size="2"
	 			/>
	 			
	 			<field name="tiptype" type="list"
	 				label="Tooltip type"
	 				description="Whether to display tooltip as just title, larger image and title, or not at all"
	 				default="none"
	 				>
	 				<option value="none">None</option>
	 				<option value="title">Title Only</option>
	 				<option value="both">Image and Title</option>
	 			</field>
	 			<field name="tipwid" type="number"
	 				label="Width for image tooltip"
	 				description="Set width in pixels for the image in the tooltip to suit your module position. NB smaller images will be expanded to fit and may look blurred"
	 				min="50" max="400"
	 				default="250"
	 				showon="tiptype:both"
	 			/>
	 			<field name="tippos" type="list"
	 				label="Tooltip Position"
	 				default="left"
	 				description="If module position is on left choose 'right', if on right choose 'left'"
	 				showon="tiptype!:none"
	 				>
	 				<option value="left">Left</option>
	 				<option value="right">Right</option>
	 				<option value="top">Top</option>
	 				<option value="bottom">Bottom</option>
	 			</field>
<!-- 	 				
				<field name="reviewed" type="radio" 
					label="All or Rated only" description="only include rated items and use review date for order, or include all items and use first date for order." 
					default="0" 
					class="btn-group" >
					<option value="0">All Items</option>
					<option value="1">Rated Only</option>
				</field>	
						
 -->
 				<field name="posttext" type="textarea" 				
					label="Text after" description="Text to display below times"  
					default="" rows="5" cols="35" />				    	
			</fieldset>
		</fields>
    </config>
    <updateservers>
		<server type="extension" priority="1" name="xbCulture RandImg Module Updates">
			https://www.crosborne.uk/jupdates/update_mod_xbculture_randimg.xml
		</server>
	</updateservers>
</extension>
		
