<?xml version="1.0" encoding="utf-8"?>
<extension type="package" version="3.9" method="upgrade">
	<name>pkg_xbculture</name>
	<packagename>xbculture</packagename>
	<creationDate>22nd December 2022</creationDate>
	<version>1.0.0.1</version>
	<author>Roger C-O</author>
	<copyright>Copyright (c) Roger Creagh-Osborne, 2021. All rights reserved.</copyright>
	<license>GNU/GPLv3 http://www.gnu.org/licenses/gpl-3.0.html</license>
	<authorEmail>roger@crosborne.co.uk</authorEmail>
	<authorUrl>www.crosborne.co.uk</authorUrl>
	<xbpeople_version>1.0.0</xbpeople_version>
	<xbbooks_version>1.0.0.1</xbbooks_version>
	<xbfilms_version>1.0.0.1</xbfilms_version>
	<xbculture_list_version>0.2.0.2</xbculture_list_version>
	<xbculture_randimg_version>0.2.0</xbculture_randimg_version>
	<xbculture_recent_version>0.2.0.1</xbculture_recent_version>
	<url>https://www.crosborne.co.uk/xbculture</url>
	<packager>Roger C-O</packager>
	<packagerurl>https://www.crosborne.co.uk/xbculture</packagerurl>
	<description>PKG_XBCULTURE_XML_DESCRIPTION</description>
	<languages folder="language">
		<language tag="en-GB">en-GB/en-GB.pkg_xbculture.sys.ini</language>
	</languages>
	<updateservers>
	    <server type="extension" priority="1" name="xbCulture Package">
	    	https://crosborne.co.uk/jupdates/update_pkg_xbculture.xml
	    </server>
	</updateservers>
	<scriptfile>pkg_xbculture_script.php</scriptfile>
	<files folder="packages">
		<file type="component" id="com_xbpeople" >com_xbpeople_v1.0.0.zip</file>
		<file type="component" id="com_xbbooks" >com_xbbooks_v1.0.0.1.zip</file>
		<file type="component" id="com_xbfilms" >com_xbfilms_v1.0.0.1.zip</file>
		<file type="module" id="mod_xbculture_list" client="site">mod_xbculture_list_v0.2.0.2.zip</file>
		<file type="module" id="mod_xbculture_randimg" client="site">mod_xbculture_randimg_v0.2.0.zip</file>
		<file type="module" id="mod_xbculture_recent" client="site">mod_xbculture_recent_v0.2.0.1.zip</file>
	</files>
</extension>
