<?xml version="1.0" encoding="utf-8"?>
<extension type="module" version="3.3" method="upgrade" client="site">
	<name>xbCulture-Recent</name>
	<author>Roger Creagh-Osborne</author>
	<creationDate>26 April 2021</creationDate>
	<copyright>Copyright (C) 2021 Roger Creagh-Osborne. All rights reserved.</copyright>
	<license>http://www.gnu.org/licenses/gpl-3.0.html GNU/GPL</license>
	<authorEmail>roger@crosborne.co.uk</authorEmail>
	<authorUrl>www.crosborne.co.uk</authorUrl>
	<version>0.1.0</version>
	<description></description>
	<files>
		<filename>mod_xbculture_recent.xml</filename>
		<filename module="mod_xbculture_recent">mod_xbculture_recent.php</filename>
		<filename>index.html</filename>
		<filename>helper.php</filename>
		<folder>tmpl</folder>
	</files>
	<media destination="mod_xbculture_recent" folder="media">
        <filename>index.html</filename>
        <folder>css</folder>
    </media>
    <config>
        <fields name="params">
        	<fieldset name="basic">
<!-- Params needed
	itemcnt - number of items
	components - choice from those installed so custom field in xbpeople
	only items with rating/review - use rating date
	or include unrated items - use catalogue date
 -->    
 			<field name="itemcnt" type="number" default="3" 
 				min="1" max="10" size="2"
 				label="Items to show" description="How many items to show in module" />
 				    	
			</fieldset>
		</fields>
    </config>
    <updateservers>
		<server type="extension" priority="1" name="xbCulture_Recent Updates">
			https://www.crosborne.uk/jupdates/mod_xbculture_recent_updater.xml
		</server>
	</updateservers>
</extension>
		
